﻿country_id,country_abbr,country_name
1201,ALB,Albania
1202,AUT,Austria
1203,BEL,Belgium
1204,CRO,Croatia
1205,CZE,Czech Republic
1206,ENG,England
1207,FRA,France
1208,GER,Germany
1209,HUN,Hungary
1210,ISL,Iceland
1211,ITA,Italy
1212,NIR,Northern Ireland
1213,POL,Poland
1214,POR,Portugal
1215,IRL,Republic of Ireland
1216,ROU,Romania
1217,RUS,Russia
1218,SVK,Slovakia
1219,ESP,Spain
1220,SWE,Sweden
1221,SUI,Switzerland
1222,TUR,Turkey
1223,UKR,Ukraine
1224,WAL,Wales
1225,SLO,Slovenia
1226,NED,Netherlands
1227,SRB,Serbia
1228,SCO,Scotland
1229,NOR,Norway
